piece,leather,u
BACK HANDLE TOP,L0696152,63
BACK SLASH POCKET INTERIOR PATCH,L0696152,18
BACK SNAP PATCH,L0696152,10
BACK WRAP SNAP,L0696152,104
BOTTOM,L0696152,71
FLAP FACING SNAP PATCH,L0696152,22
FLAP TOP,L0696152,27
FLAP TOP BIDNING,L0696152,32
FRONT HANDLE TOP,L0696152,71
FRONT RIGHT ANCHOR TOP,L0696152,5
FRONT WRAP SNAP,L0696152,160
GUSSET,L0696152,75
GUSSET LEFT RIGHT ANCHOR,L0696152,3
HANDLE LEFT FACING,L0696152,77
HANDLE RIGHT FACING,L0696152,71
HANGTAG FACING,L0696152,24
HANGTAG TOP,L0696152,26
LONG SS MOOR KEEPER,L0696152,17
SHORT SS D RING ANCHOR,L0696152,19
SS ANCHOR,L0696152,0
SS FLOATING SOLID GLUE FILLER,L0696152,37
BACK HANDLE TOP,L0696154,63
BACK SLASH POCKET INTERIOR PATCH,L0696154,18
BACK SNAP PATCH,L0696154,10
BACK WRAP SNAP,L0696154,104
BOTTOM,L0696154,71
FLAP FACING SNAP PATCH,L0696154,22
FLAP TOP,L0696154,27
FLAP TOP BIDNING,L0696154,32
FRONT HANDLE TOP,L0696154,71
FRONT RIGHT ANCHOR TOP,L0696154,5
FRONT WRAP SNAP,L0696154,160
GUSSET,L0696154,75
GUSSET LEFT RIGHT ANCHOR,L0696154,3
HANDLE LEFT FACING,L0696154,77
HANDLE RIGHT FACING,L0696154,71
HANGTAG FACING,L0696154,24
HANGTAG TOP,L0696154,26
LONG SS MOOR KEEPER,L0696154,17
SHORT SS D RING ANCHOR,L0696154,19
SS ANCHOR,L0696154,0
SS FLOATING SOLID GLUE FILLER,L0696154,37
BACK HANDLE TOP,L0696156,63
BACK SLASH POCKET INTERIOR PATCH,L0696156,18
BACK SNAP PATCH,L0696156,10
BACK WRAP SNAP,L0696156,104
BOTTOM,L0696156,71
FLAP FACING SNAP PATCH,L0696156,22
FLAP TOP,L0696156,27
FLAP TOP BIDNING,L0696156,32
FRONT HANDLE TOP,L0696156,71
FRONT RIGHT ANCHOR TOP,L0696156,5
FRONT WRAP SNAP,L0696156,160
GUSSET,L0696156,75
GUSSET LEFT RIGHT ANCHOR,L0696156,3
HANDLE LEFT FACING,L0696156,77
HANDLE RIGHT FACING,L0696156,71
HANGTAG FACING,L0696156,24
HANGTAG TOP,L0696156,26
LONG SS MOOR KEEPER,L0696156,17
SHORT SS D RING ANCHOR,L0696156,19
SS ANCHOR,L0696156,0
SS FLOATING SOLID GLUE FILLER,L0696156,37
BACK HANDLE TOP,L0696158,63
BACK SLASH POCKET INTERIOR PATCH,L0696158,18
BACK SNAP PATCH,L0696158,10
BACK WRAP SNAP,L0696158,104
BOTTOM,L0696158,71
FLAP FACING SNAP PATCH,L0696158,22
FLAP TOP,L0696158,27
FLAP TOP BIDNING,L0696158,32
FRONT HANDLE TOP,L0696158,71
FRONT RIGHT ANCHOR TOP,L0696158,5
FRONT WRAP SNAP,L0696158,160
GUSSET,L0696158,75
GUSSET LEFT RIGHT ANCHOR,L0696158,3
HANDLE LEFT FACING,L0696158,77
HANDLE RIGHT FACING,L0696158,71
HANGTAG FACING,L0696158,24
HANGTAG TOP,L0696158,26
LONG SS MOOR KEEPER,L0696158,17
SHORT SS D RING ANCHOR,L0696158,19
SS ANCHOR,L0696158,0
SS FLOATING SOLID GLUE FILLER,L0696158,37
BACK HANDLE TOP,L0696160,63
BACK SLASH POCKET INTERIOR PATCH,L0696160,18
BACK SNAP PATCH,L0696160,10
BACK WRAP SNAP,L0696160,104
BOTTOM,L0696160,71
FLAP FACING SNAP PATCH,L0696160,22
FLAP TOP,L0696160,27
FLAP TOP BIDNING,L0696160,32
FRONT HANDLE TOP,L0696160,71
FRONT RIGHT ANCHOR TOP,L0696160,5
FRONT WRAP SNAP,L0696160,160
GUSSET,L0696160,75
GUSSET LEFT RIGHT ANCHOR,L0696160,3
HANDLE LEFT FACING,L0696160,77
HANDLE RIGHT FACING,L0696160,71
HANGTAG FACING,L0696160,24
HANGTAG TOP,L0696160,26
LONG SS MOOR KEEPER,L0696160,17
SHORT SS D RING ANCHOR,L0696160,19
SS ANCHOR,L0696160,0
SS FLOATING SOLID GLUE FILLER,L0696160,37
BACK HANDLE TOP,L0696162,63
BACK SLASH POCKET INTERIOR PATCH,L0696162,18
BACK SNAP PATCH,L0696162,10
BACK WRAP SNAP,L0696162,104
BOTTOM,L0696162,71
FLAP FACING SNAP PATCH,L0696162,22
FLAP TOP,L0696162,27
FLAP TOP BIDNING,L0696162,32
FRONT HANDLE TOP,L0696162,71
FRONT RIGHT ANCHOR TOP,L0696162,5
FRONT WRAP SNAP,L0696162,160
GUSSET,L0696162,75
GUSSET LEFT RIGHT ANCHOR,L0696162,3
HANDLE LEFT FACING,L0696162,77
HANDLE RIGHT FACING,L0696162,71
HANGTAG FACING,L0696162,24
HANGTAG TOP,L0696162,26
LONG SS MOOR KEEPER,L0696162,17
SHORT SS D RING ANCHOR,L0696162,19
SS ANCHOR,L0696162,0
SS FLOATING SOLID GLUE FILLER,L0696162,37
BACK HANDLE TOP,L0696164,63
BACK SLASH POCKET INTERIOR PATCH,L0696164,18
BACK SNAP PATCH,L0696164,10
BACK WRAP SNAP,L0696164,104
BOTTOM,L0696164,71
FLAP FACING SNAP PATCH,L0696164,22
FLAP TOP,L0696164,27
FLAP TOP BIDNING,L0696164,32
FRONT HANDLE TOP,L0696164,71
FRONT RIGHT ANCHOR TOP,L0696164,5
FRONT WRAP SNAP,L0696164,160
GUSSET,L0696164,75
GUSSET LEFT RIGHT ANCHOR,L0696164,3
HANDLE LEFT FACING,L0696164,77
HANDLE RIGHT FACING,L0696164,71
HANGTAG FACING,L0696164,24
HANGTAG TOP,L0696164,26
LONG SS MOOR KEEPER,L0696164,17
SHORT SS D RING ANCHOR,L0696164,19
SS ANCHOR,L0696164,0
SS FLOATING SOLID GLUE FILLER,L0696164,37
BACK HANDLE TOP,L0696166,63
BACK SLASH POCKET INTERIOR PATCH,L0696166,18
BACK SNAP PATCH,L0696166,10
BACK WRAP SNAP,L0696166,104
BOTTOM,L0696166,71
FLAP FACING SNAP PATCH,L0696166,22
FLAP TOP,L0696166,27
FLAP TOP BIDNING,L0696166,32
FRONT HANDLE TOP,L0696166,71
FRONT RIGHT ANCHOR TOP,L0696166,5
FRONT WRAP SNAP,L0696166,160
GUSSET,L0696166,75
GUSSET LEFT RIGHT ANCHOR,L0696166,3
HANDLE LEFT FACING,L0696166,77
HANDLE RIGHT FACING,L0696166,71
HANGTAG FACING,L0696166,24
HANGTAG TOP,L0696166,26
LONG SS MOOR KEEPER,L0696166,17
SHORT SS D RING ANCHOR,L0696166,19
SS ANCHOR,L0696166,0
SS FLOATING SOLID GLUE FILLER,L0696166,37
BACK HANDLE TOP,L0696168,63
BACK SLASH POCKET INTERIOR PATCH,L0696168,18
BACK SNAP PATCH,L0696168,10
BACK WRAP SNAP,L0696168,104
BOTTOM,L0696168,71
FLAP FACING SNAP PATCH,L0696168,22
FLAP TOP,L0696168,27
FLAP TOP BIDNING,L0696168,32
FRONT HANDLE TOP,L0696168,71
FRONT RIGHT ANCHOR TOP,L0696168,5
FRONT WRAP SNAP,L0696168,160
GUSSET,L0696168,75
GUSSET LEFT RIGHT ANCHOR,L0696168,3
HANDLE LEFT FACING,L0696168,77
HANDLE RIGHT FACING,L0696168,71
HANGTAG FACING,L0696168,24
HANGTAG TOP,L0696168,26
LONG SS MOOR KEEPER,L0696168,17
SHORT SS D RING ANCHOR,L0696168,19
SS ANCHOR,L0696168,0
SS FLOATING SOLID GLUE FILLER,L0696168,37
BACK HANDLE TOP,L0696170,63
BACK SLASH POCKET INTERIOR PATCH,L0696170,18
BACK SNAP PATCH,L0696170,10
BACK WRAP SNAP,L0696170,104
BOTTOM,L0696170,71
FLAP FACING SNAP PATCH,L0696170,22
FLAP TOP,L0696170,27
FLAP TOP BIDNING,L0696170,32
FRONT HANDLE TOP,L0696170,71
FRONT RIGHT ANCHOR TOP,L0696170,5
FRONT WRAP SNAP,L0696170,160
GUSSET,L0696170,75
GUSSET LEFT RIGHT ANCHOR,L0696170,3
HANDLE LEFT FACING,L0696170,77
HANDLE RIGHT FACING,L0696170,71
HANGTAG FACING,L0696170,24
HANGTAG TOP,L0696170,26
LONG SS MOOR KEEPER,L0696170,17
SHORT SS D RING ANCHOR,L0696170,19
SS ANCHOR,L0696170,0
SS FLOATING SOLID GLUE FILLER,L0696170,37
BACK HANDLE TOP,L0696172,63
BACK SLASH POCKET INTERIOR PATCH,L0696172,18
BACK SNAP PATCH,L0696172,10
BACK WRAP SNAP,L0696172,104
BOTTOM,L0696172,71
FLAP FACING SNAP PATCH,L0696172,22
FLAP TOP,L0696172,27
FLAP TOP BIDNING,L0696172,32
FRONT HANDLE TOP,L0696172,71
FRONT RIGHT ANCHOR TOP,L0696172,5
FRONT WRAP SNAP,L0696172,160
GUSSET,L0696172,75
GUSSET LEFT RIGHT ANCHOR,L0696172,3
HANDLE LEFT FACING,L0696172,77
HANDLE RIGHT FACING,L0696172,71
HANGTAG FACING,L0696172,24
HANGTAG TOP,L0696172,26
LONG SS MOOR KEEPER,L0696172,17
SHORT SS D RING ANCHOR,L0696172,19
SS ANCHOR,L0696172,0
SS FLOATING SOLID GLUE FILLER,L0696172,37
BACK HANDLE TOP,L0696174,63
BACK SLASH POCKET INTERIOR PATCH,L0696174,18
BACK SNAP PATCH,L0696174,10
BACK WRAP SNAP,L0696174,104
BOTTOM,L0696174,71
FLAP FACING SNAP PATCH,L0696174,22
FLAP TOP,L0696174,27
FLAP TOP BIDNING,L0696174,32
FRONT HANDLE TOP,L0696174,71
FRONT RIGHT ANCHOR TOP,L0696174,5
FRONT WRAP SNAP,L0696174,160
GUSSET,L0696174,75
GUSSET LEFT RIGHT ANCHOR,L0696174,3
HANDLE LEFT FACING,L0696174,77
HANDLE RIGHT FACING,L0696174,71
HANGTAG FACING,L0696174,24
HANGTAG TOP,L0696174,26
LONG SS MOOR KEEPER,L0696174,17
SHORT SS D RING ANCHOR,L0696174,19
SS ANCHOR,L0696174,0
SS FLOATING SOLID GLUE FILLER,L0696174,37
BACK HANDLE TOP,L0696176,63
BACK SLASH POCKET INTERIOR PATCH,L0696176,18
BACK SNAP PATCH,L0696176,10
BACK WRAP SNAP,L0696176,104
BOTTOM,L0696176,71
FLAP FACING SNAP PATCH,L0696176,22
FLAP TOP,L0696176,27
FLAP TOP BIDNING,L0696176,32
FRONT HANDLE TOP,L0696176,71
FRONT RIGHT ANCHOR TOP,L0696176,5
FRONT WRAP SNAP,L0696176,160
GUSSET,L0696176,75
GUSSET LEFT RIGHT ANCHOR,L0696176,3
HANDLE LEFT FACING,L0696176,77
HANDLE RIGHT FACING,L0696176,71
HANGTAG FACING,L0696176,24
HANGTAG TOP,L0696176,26
LONG SS MOOR KEEPER,L0696176,17
SHORT SS D RING ANCHOR,L0696176,19
SS ANCHOR,L0696176,0
SS FLOATING SOLID GLUE FILLER,L0696176,37
BACK HANDLE TOP,L0696178,63
BACK SLASH POCKET INTERIOR PATCH,L0696178,18
BACK SNAP PATCH,L0696178,10
BACK WRAP SNAP,L0696178,104
BOTTOM,L0696178,71
FLAP FACING SNAP PATCH,L0696178,22
FLAP TOP,L0696178,27
FLAP TOP BIDNING,L0696178,32
FRONT HANDLE TOP,L0696178,71
FRONT RIGHT ANCHOR TOP,L0696178,5
FRONT WRAP SNAP,L0696178,160
GUSSET,L0696178,75
GUSSET LEFT RIGHT ANCHOR,L0696178,3
HANDLE LEFT FACING,L0696178,77
HANDLE RIGHT FACING,L0696178,71
HANGTAG FACING,L0696178,24
HANGTAG TOP,L0696178,26
LONG SS MOOR KEEPER,L0696178,17
SHORT SS D RING ANCHOR,L0696178,19
SS ANCHOR,L0696178,0
SS FLOATING SOLID GLUE FILLER,L0696178,37
BACK HANDLE TOP,L0696180,63
BACK SLASH POCKET INTERIOR PATCH,L0696180,18
BACK SNAP PATCH,L0696180,10
BACK WRAP SNAP,L0696180,104
BOTTOM,L0696180,71
FLAP FACING SNAP PATCH,L0696180,22
FLAP TOP,L0696180,27
FLAP TOP BIDNING,L0696180,32
FRONT HANDLE TOP,L0696180,71
FRONT RIGHT ANCHOR TOP,L0696180,5
FRONT WRAP SNAP,L0696180,160
GUSSET,L0696180,75
GUSSET LEFT RIGHT ANCHOR,L0696180,3
HANDLE LEFT FACING,L0696180,77
HANDLE RIGHT FACING,L0696180,71
HANGTAG FACING,L0696180,24
HANGTAG TOP,L0696180,26
LONG SS MOOR KEEPER,L0696180,17
SHORT SS D RING ANCHOR,L0696180,19
SS ANCHOR,L0696180,0
SS FLOATING SOLID GLUE FILLER,L0696180,37
BACK HANDLE TOP,L0696182,63
BACK SLASH POCKET INTERIOR PATCH,L0696182,18
BACK SNAP PATCH,L0696182,10
BACK WRAP SNAP,L0696182,104
BOTTOM,L0696182,71
FLAP FACING SNAP PATCH,L0696182,22
FLAP TOP,L0696182,27
FLAP TOP BIDNING,L0696182,32
FRONT HANDLE TOP,L0696182,71
FRONT RIGHT ANCHOR TOP,L0696182,5
FRONT WRAP SNAP,L0696182,160
GUSSET,L0696182,75
GUSSET LEFT RIGHT ANCHOR,L0696182,3
HANDLE LEFT FACING,L0696182,77
HANDLE RIGHT FACING,L0696182,71
HANGTAG FACING,L0696182,24
HANGTAG TOP,L0696182,26
LONG SS MOOR KEEPER,L0696182,17
SHORT SS D RING ANCHOR,L0696182,19
SS ANCHOR,L0696182,0
SS FLOATING SOLID GLUE FILLER,L0696182,37
BACK HANDLE TOP,L0696184,63
BACK SLASH POCKET INTERIOR PATCH,L0696184,18
BACK SNAP PATCH,L0696184,10
BACK WRAP SNAP,L0696184,104
BOTTOM,L0696184,71
FLAP FACING SNAP PATCH,L0696184,22
FLAP TOP,L0696184,27
FLAP TOP BIDNING,L0696184,32
FRONT HANDLE TOP,L0696184,71
FRONT RIGHT ANCHOR TOP,L0696184,5
FRONT WRAP SNAP,L0696184,160
GUSSET,L0696184,75
GUSSET LEFT RIGHT ANCHOR,L0696184,3
HANDLE LEFT FACING,L0696184,77
HANDLE RIGHT FACING,L0696184,71
HANGTAG FACING,L0696184,24
HANGTAG TOP,L0696184,26
LONG SS MOOR KEEPER,L0696184,17
SHORT SS D RING ANCHOR,L0696184,19
SS ANCHOR,L0696184,0
SS FLOATING SOLID GLUE FILLER,L0696184,37
BACK HANDLE TOP,L0696186,63
BACK SLASH POCKET INTERIOR PATCH,L0696186,18
BACK SNAP PATCH,L0696186,10
BACK WRAP SNAP,L0696186,104
BOTTOM,L0696186,71
FLAP FACING SNAP PATCH,L0696186,22
FLAP TOP,L0696186,27
FLAP TOP BIDNING,L0696186,32
FRONT HANDLE TOP,L0696186,71
FRONT RIGHT ANCHOR TOP,L0696186,5
FRONT WRAP SNAP,L0696186,160
GUSSET,L0696186,75
GUSSET LEFT RIGHT ANCHOR,L0696186,3
HANDLE LEFT FACING,L0696186,77
HANDLE RIGHT FACING,L0696186,71
HANGTAG FACING,L0696186,24
HANGTAG TOP,L0696186,26
LONG SS MOOR KEEPER,L0696186,17
SHORT SS D RING ANCHOR,L0696186,19
SS ANCHOR,L0696186,0
SS FLOATING SOLID GLUE FILLER,L0696186,37
BACK HANDLE TOP,L0696188,63
BACK SLASH POCKET INTERIOR PATCH,L0696188,18
BACK SNAP PATCH,L0696188,10
BACK WRAP SNAP,L0696188,104
BOTTOM,L0696188,71
FLAP FACING SNAP PATCH,L0696188,22
FLAP TOP,L0696188,27
FLAP TOP BIDNING,L0696188,32
FRONT HANDLE TOP,L0696188,71
FRONT RIGHT ANCHOR TOP,L0696188,5
FRONT WRAP SNAP,L0696188,160
GUSSET,L0696188,75
GUSSET LEFT RIGHT ANCHOR,L0696188,3
HANDLE LEFT FACING,L0696188,77
HANDLE RIGHT FACING,L0696188,71
HANGTAG FACING,L0696188,24
HANGTAG TOP,L0696188,26
LONG SS MOOR KEEPER,L0696188,17
SHORT SS D RING ANCHOR,L0696188,19
SS ANCHOR,L0696188,0
SS FLOATING SOLID GLUE FILLER,L0696188,37
BACK HANDLE TOP,L0696190,63
BACK SLASH POCKET INTERIOR PATCH,L0696190,18
BACK SNAP PATCH,L0696190,10
BACK WRAP SNAP,L0696190,104
BOTTOM,L0696190,71
FLAP FACING SNAP PATCH,L0696190,22
FLAP TOP,L0696190,27
FLAP TOP BIDNING,L0696190,32
FRONT HANDLE TOP,L0696190,71
FRONT RIGHT ANCHOR TOP,L0696190,5
FRONT WRAP SNAP,L0696190,160
GUSSET,L0696190,75
GUSSET LEFT RIGHT ANCHOR,L0696190,3
HANDLE LEFT FACING,L0696190,77
HANDLE RIGHT FACING,L0696190,71
HANGTAG FACING,L0696190,24
HANGTAG TOP,L0696190,26
LONG SS MOOR KEEPER,L0696190,17
SHORT SS D RING ANCHOR,L0696190,19
SS ANCHOR,L0696190,0
SS FLOATING SOLID GLUE FILLER,L0696190,37
BACK HANDLE TOP,L09169692,63
BACK SLASH POCKET INTERIOR PATCH,L09169692,18
BACK SNAP PATCH,L09169692,10
BACK WRAP SNAP,L09169692,104
BOTTOM,L09169692,71
FLAP FACING SNAP PATCH,L09169692,22
FLAP TOP,L09169692,27
FLAP TOP BIDNING,L09169692,32
FRONT HANDLE TOP,L09169692,71
FRONT RIGHT ANCHOR TOP,L09169692,5
FRONT WRAP SNAP,L09169692,160
GUSSET,L09169692,75
GUSSET LEFT RIGHT ANCHOR,L09169692,3
HANDLE LEFT FACING,L09169692,77
HANDLE RIGHT FACING,L09169692,71
HANGTAG FACING,L09169692,24
HANGTAG TOP,L09169692,26
LONG SS MOOR KEEPER,L09169692,17
SHORT SS D RING ANCHOR,L09169692,19
SS ANCHOR,L09169692,0
SS FLOATING SOLID GLUE FILLER,L09169692,37
BACK HANDLE TOP,L09169696,63
BACK SLASH POCKET INTERIOR PATCH,L09169696,18
BACK SNAP PATCH,L09169696,10
BACK WRAP SNAP,L09169696,104
BOTTOM,L09169696,71
FLAP FACING SNAP PATCH,L09169696,22
FLAP TOP,L09169696,27
FLAP TOP BIDNING,L09169696,32
FRONT HANDLE TOP,L09169696,71
FRONT RIGHT ANCHOR TOP,L09169696,5
FRONT WRAP SNAP,L09169696,160
GUSSET,L09169696,75
GUSSET LEFT RIGHT ANCHOR,L09169696,3
HANDLE LEFT FACING,L09169696,77
HANDLE RIGHT FACING,L09169696,71
HANGTAG FACING,L09169696,24
HANGTAG TOP,L09169696,26
LONG SS MOOR KEEPER,L09169696,17
SHORT SS D RING ANCHOR,L09169696,19
SS ANCHOR,L09169696,0
SS FLOATING SOLID GLUE FILLER,L09169696,37
BACK HANDLE TOP,L09169698,63
BACK SLASH POCKET INTERIOR PATCH,L09169698,18
BACK SNAP PATCH,L09169698,10
BACK WRAP SNAP,L09169698,104
BOTTOM,L09169698,71
FLAP FACING SNAP PATCH,L09169698,22
FLAP TOP,L09169698,27
FLAP TOP BIDNING,L09169698,32
FRONT HANDLE TOP,L09169698,71
FRONT RIGHT ANCHOR TOP,L09169698,5
FRONT WRAP SNAP,L09169698,160
GUSSET,L09169698,75
GUSSET LEFT RIGHT ANCHOR,L09169698,3
HANDLE LEFT FACING,L09169698,77
HANDLE RIGHT FACING,L09169698,71
HANGTAG FACING,L09169698,24
HANGTAG TOP,L09169698,26
LONG SS MOOR KEEPER,L09169698,17
SHORT SS D RING ANCHOR,L09169698,19
SS ANCHOR,L09169698,0
SS FLOATING SOLID GLUE FILLER,L09169698,37
BACK HANDLE TOP,L09169716,63
BACK SLASH POCKET INTERIOR PATCH,L09169716,18
BACK SNAP PATCH,L09169716,10
BACK WRAP SNAP,L09169716,104
BOTTOM,L09169716,71
FLAP FACING SNAP PATCH,L09169716,22
FLAP TOP,L09169716,27
FLAP TOP BIDNING,L09169716,32
FRONT HANDLE TOP,L09169716,71
FRONT RIGHT ANCHOR TOP,L09169716,5
FRONT WRAP SNAP,L09169716,160
GUSSET,L09169716,75
GUSSET LEFT RIGHT ANCHOR,L09169716,3
HANDLE LEFT FACING,L09169716,77
HANDLE RIGHT FACING,L09169716,71
HANGTAG FACING,L09169716,24
HANGTAG TOP,L09169716,26
LONG SS MOOR KEEPER,L09169716,17
SHORT SS D RING ANCHOR,L09169716,19
SS ANCHOR,L09169716,0
SS FLOATING SOLID GLUE FILLER,L09169716,37
BACK HANDLE TOP,L09169718,63
BACK SLASH POCKET INTERIOR PATCH,L09169718,18
BACK SNAP PATCH,L09169718,10
BACK WRAP SNAP,L09169718,104
BOTTOM,L09169718,71
FLAP FACING SNAP PATCH,L09169718,22
FLAP TOP,L09169718,27
FLAP TOP BIDNING,L09169718,32
FRONT HANDLE TOP,L09169718,71
FRONT RIGHT ANCHOR TOP,L09169718,5
FRONT WRAP SNAP,L09169718,160
GUSSET,L09169718,75
GUSSET LEFT RIGHT ANCHOR,L09169718,3
HANDLE LEFT FACING,L09169718,77
HANDLE RIGHT FACING,L09169718,71
HANGTAG FACING,L09169718,24
HANGTAG TOP,L09169718,26
LONG SS MOOR KEEPER,L09169718,17
SHORT SS D RING ANCHOR,L09169718,19
SS ANCHOR,L09169718,0
SS FLOATING SOLID GLUE FILLER,L09169718,37
BACK HANDLE TOP,L09169720,63
BACK SLASH POCKET INTERIOR PATCH,L09169720,18
BACK SNAP PATCH,L09169720,10
BACK WRAP SNAP,L09169720,104
BOTTOM,L09169720,71
FLAP FACING SNAP PATCH,L09169720,22
FLAP TOP,L09169720,27
FLAP TOP BIDNING,L09169720,32
FRONT HANDLE TOP,L09169720,71
FRONT RIGHT ANCHOR TOP,L09169720,5
FRONT WRAP SNAP,L09169720,160
GUSSET,L09169720,75
GUSSET LEFT RIGHT ANCHOR,L09169720,3
HANDLE LEFT FACING,L09169720,77
HANDLE RIGHT FACING,L09169720,71
HANGTAG FACING,L09169720,24
HANGTAG TOP,L09169720,26
LONG SS MOOR KEEPER,L09169720,17
SHORT SS D RING ANCHOR,L09169720,19
SS ANCHOR,L09169720,0
SS FLOATING SOLID GLUE FILLER,L09169720,37
BACK HANDLE TOP,L09169722,63
BACK SLASH POCKET INTERIOR PATCH,L09169722,18
BACK SNAP PATCH,L09169722,10
BACK WRAP SNAP,L09169722,104
BOTTOM,L09169722,71
FLAP FACING SNAP PATCH,L09169722,22
FLAP TOP,L09169722,27
FLAP TOP BIDNING,L09169722,32
FRONT HANDLE TOP,L09169722,71
FRONT RIGHT ANCHOR TOP,L09169722,5
FRONT WRAP SNAP,L09169722,160
GUSSET,L09169722,75
GUSSET LEFT RIGHT ANCHOR,L09169722,3
HANDLE LEFT FACING,L09169722,77
HANDLE RIGHT FACING,L09169722,71
HANGTAG FACING,L09169722,24
HANGTAG TOP,L09169722,26
LONG SS MOOR KEEPER,L09169722,17
SHORT SS D RING ANCHOR,L09169722,19
SS ANCHOR,L09169722,0
SS FLOATING SOLID GLUE FILLER,L09169722,37
BACK HANDLE TOP,L09169724,63
BACK SLASH POCKET INTERIOR PATCH,L09169724,18
BACK SNAP PATCH,L09169724,10
BACK WRAP SNAP,L09169724,104
BOTTOM,L09169724,71
FLAP FACING SNAP PATCH,L09169724,22
FLAP TOP,L09169724,27
FLAP TOP BIDNING,L09169724,32
FRONT HANDLE TOP,L09169724,71
FRONT RIGHT ANCHOR TOP,L09169724,5
FRONT WRAP SNAP,L09169724,160
GUSSET,L09169724,75
GUSSET LEFT RIGHT ANCHOR,L09169724,3
HANDLE LEFT FACING,L09169724,77
HANDLE RIGHT FACING,L09169724,71
HANGTAG FACING,L09169724,24
HANGTAG TOP,L09169724,26
LONG SS MOOR KEEPER,L09169724,17
SHORT SS D RING ANCHOR,L09169724,19
SS ANCHOR,L09169724,0
SS FLOATING SOLID GLUE FILLER,L09169724,37
BACK HANDLE TOP,L09169726,63
BACK SLASH POCKET INTERIOR PATCH,L09169726,18
BACK SNAP PATCH,L09169726,10
BACK WRAP SNAP,L09169726,104
BOTTOM,L09169726,71
FLAP FACING SNAP PATCH,L09169726,22
FLAP TOP,L09169726,27
FLAP TOP BIDNING,L09169726,32
FRONT HANDLE TOP,L09169726,71
FRONT RIGHT ANCHOR TOP,L09169726,5
FRONT WRAP SNAP,L09169726,160
GUSSET,L09169726,75
GUSSET LEFT RIGHT ANCHOR,L09169726,3
HANDLE LEFT FACING,L09169726,77
HANDLE RIGHT FACING,L09169726,71
HANGTAG FACING,L09169726,24
HANGTAG TOP,L09169726,26
LONG SS MOOR KEEPER,L09169726,17
SHORT SS D RING ANCHOR,L09169726,19
SS ANCHOR,L09169726,0
SS FLOATING SOLID GLUE FILLER,L09169726,37
BACK HANDLE TOP,L09169728,63
BACK SLASH POCKET INTERIOR PATCH,L09169728,18
BACK SNAP PATCH,L09169728,10
BACK WRAP SNAP,L09169728,104
BOTTOM,L09169728,71
FLAP FACING SNAP PATCH,L09169728,22
FLAP TOP,L09169728,27
FLAP TOP BIDNING,L09169728,32
FRONT HANDLE TOP,L09169728,71
FRONT RIGHT ANCHOR TOP,L09169728,5
FRONT WRAP SNAP,L09169728,160
GUSSET,L09169728,75
GUSSET LEFT RIGHT ANCHOR,L09169728,3
HANDLE LEFT FACING,L09169728,77
HANDLE RIGHT FACING,L09169728,71
HANGTAG FACING,L09169728,24
HANGTAG TOP,L09169728,26
LONG SS MOOR KEEPER,L09169728,17
SHORT SS D RING ANCHOR,L09169728,19
SS ANCHOR,L09169728,0
SS FLOATING SOLID GLUE FILLER,L09169728,37
